nPsoRun,n_iter,S,fgbest,optDes
1,142,300,1.5884868000136243,[-1.0; 1.0; -0.5554148417797798; 0.555414412368462]
2,135,300,1.5885245167980737,[1.0; -0.9999771629040702; 0.5540137746887024; -0.554002379959739]
3,122,300,1.5885498612389095,[-1.0; -0.554338278599768; 1.0; 0.5543153202787714]
4,276,300,1.5884772097058273,[-1.0; 1.0; -0.5547488631123312; 0.5547488631121648]
5,54,300,1.5884870166510785,[-0.5542473130322526; 1.0; 0.5542462330695989; -1.0]
6,60,300,1.588530937670594,[1.0; -0.5532906888101022; 0.5532920361091846; -1.0]
7,341,300,1.5884796165493151,[0.9999996186333274; -0.5546525518790252; 0.5546528847079627; -1.0]
8,149,300,1.58860824145823,[0.5562458872830889; -0.9999456600462369; -0.5562255719193944; 1.0]
9,50,300,1.588587797297513,[0.5525733113415451; -0.5525740454472972; 1.0; -1.0]
10,87,300,1.5885225502611704,[-1.0; 0.5550051990254794; -0.5549901342450888; 1.0]
11,153,300,1.5884779497351846,[0.554608255194292; 1.0; -1.0; -0.5546082564195691]
12,69,300,1.5885037766425736,[1.0; 0.5537560069128613; -0.5537550694416754; -1.0]
13,225,300,1.5884772243952072,[0.5548495100105534; -1.0; -0.5548495127452576; 1.0]
14,280,300,1.5884827521355,[0.5552817995153632; 1.0; -0.5552819477074084; -1.0]
15,55,300,1.5887635214713183,[-0.5516635632538474; 0.5516400173133096; -1.0; 1.0]
16,351,300,1.5884771607033756,[-0.5547852214432567; 0.5547852214434863; -1.0; 1.0]
17,243,300,1.5884779866523284,[0.999999840364504; -0.5548943057970076; 0.5548942140585699; -0.9999998672681736]
18,93,300,1.5885782612216395,[-0.5540356958087682; 0.5540657679463317; -1.0; 1.0]
19,260,300,1.5884778932320223,[1.0; -1.0; -0.5546275644451363; 0.5546275982365533]
20,271,300,1.5884772544151233,[-0.5548641608645664; -1.0; 0.554864160864567; 1.0]
21,292,300,1.588477419375416,[-1.0; -0.5547918222441373; 0.5547917337982413; 0.999999824877281]
22,258,300,1.5884800802847874,[1.0; 0.5546314498808561; -0.999999998277439; -0.5546306671453545]
23,76,300,1.5884891227484064,[0.5555003293167947; 1.0; -1.0; -0.5554999542898492]
24,256,300,1.5884774335102472,[-1.0; 1.0; -0.5548877560971184; 0.5548877229459923]
25,244,300,1.5884772267334812,[1.0; 0.5548516983233553; -0.5548516965187107; -0.9999999965445636]
26,400,300,1.588477274270807,[-1.0; -0.5548347573468396; 1.0; 0.5548347279652431]
27,189,300,1.5884775227183676,[0.5549250375587486; -1.0; 1.0; -0.554925040555452]
28,225,300,1.5884771742936965,[0.5547732440130292; -1.0; 1.0; -0.5547732427041874]
29,307,300,1.5884771583573787,[1.0; 0.5547907211143727; -0.5547907211122903; -1.0]
30,109,300,1.5886502344426003,[1.0; 0.5556640027459907; -0.555716631744402; -1.0]
31,148,300,1.5884816213302249,[-0.5551841136715743; -1.0; 1.0; 0.5551845117705358]
32,215,300,1.5884779155093238,[-1.0; -0.5548716167681005; 0.9999996431381393; 0.5548715113501453]
33,171,300,1.5884908222199707,[0.5540089629018223; -1.0; 1.0; -0.554008962929971]
34,54,300,1.5892745743592107,[1.0; -0.5549379444229008; -1.0; 0.5546682094888216]
35,386,300,1.588477173115834,[-1.0; 0.5548245311955756; -0.5548245311955758; 1.0]
36,57,300,1.5885522118714486,[-0.5536723768837614; -1.0; 0.5536885047939318; 1.0]
37,334,300,1.5884771572830605,[0.5547979242826934; -1.0; -0.554797924282695; 1.0]
38,295,300,1.5884771574502392,[-0.5547949281131508; 1.0; -1.0; 0.5547949281131505]
39,134,300,1.5884810506328302,[-1.0; 0.5545808483731318; -0.5545798819980151; 1.0]
40,141,300,1.588477294457832,[1.0; -0.5548485817925247; -1.0; 0.5548486089401266]
41,274,300,1.5884771573540868,[-0.5547958831972523; 0.5547958831972525; -1.0; 1.0]
42,244,300,1.5884776136961039,[1.0; -0.5549417648109574; -1.0; 0.5549417648117994]
43,156,300,1.5884779534770155,[-0.5549879720889083; 1.0; 0.5549879720964577; -1.0]
44,188,300,1.5884771607743067,[-1.0; -0.5548101336101217; 0.5548101336408713; 1.0]
45,77,300,1.5885209145294872,[-0.5562019086369681; 1.0; -1.0; 0.5562017942512837]
46,152,300,1.5884854536886501,[0.5552598949852672; -1.0; 1.0; -0.5552586734277534]
47,91,300,1.5884890851833329,[-1.0; 1.0; -0.5551680702377074; 0.5551710775575414]
48,147,300,1.5885132770507138,[1.0; -0.5556287855938041; -1.0; 0.5556216625359337]
49,66,300,1.5887187159903016,[1.0; -1.0; -0.5525090345816106; 0.5524668644207144]
50,328,300,1.5884814131139322,[0.5544637349100603; -0.5544631259410288; -1.0; 0.9999999995946741]
51,68,300,1.588564991149481,[-1.0; -0.5534720880613787; 0.5534889273857574; 1.0]
52,328,300,1.588477159151841,[0.5547884727870125; -0.5547884727870059; -1.0; 1.0]
53,278,300,1.5884773352408446,[-1.0; 0.5547095502960773; 1.0; -0.5547095478749052]
54,330,300,1.5884771592090225,[0.55478833279971; -1.0; 1.0; -0.5547883327997081]
55,107,300,1.5886208765908492,[1.0; -1.0; 0.5524060304689853; -0.5523999426356738]
56,102,300,1.5884778860324742,[1.0; -0.9999999872726197; -0.554698649530322; 0.5546988233196236]
57,155,300,1.5884776389522606,[-0.5549331058110977; -1.0; 0.5549331323446328; 1.0]
58,211,300,1.5884774889920126,[0.5548003145575658; -0.9999998413082386; -0.5548002838853056; 0.9999999998583633]
59,86,300,1.5884919240250093,[0.999999565820667; 0.5548618540645458; -0.554866818758773; -1.0]
60,378,300,1.5884779005666552,[0.5548115001591575; -0.9999997782555631; 1.0; -0.5548115506275619]
61,160,300,1.5884855921053442,[-0.5543144160956839; -1.0; 0.5543133021979239; 1.0]
62,273,300,1.5884771649959901,[-0.5548164138246774; -1.0; 1.0; 0.5548164138211484]
63,66,300,1.5885456270896587,[1.0; -1.0; 0.5535926450328393; -0.5536051414649271]
64,69,300,1.588506454957479,[-1.0; -0.5559321774165429; 0.5559325007549558; 1.0]
65,139,300,1.588477454077443,[0.5546817545265085; -1.0; -0.5546817549664108; 1.0]
66,69,300,1.5886004845611916,[-0.5551919085733398; 1.0; -1.0; 0.5552323640145166]
67,141,300,1.5884849198102222,[1.0; 0.5543885844334601; -0.5543872061387881; -1.0]
68,241,300,1.5884775061846863,[0.554672109987053; 1.0; -0.5546721092421141; -1.0]
69,280,300,1.5884772703191843,[1.0; 0.5548505453499748; -0.9999999967187769; -0.5548505278707797]
70,96,300,1.5885016448000546,[-0.5537925871481199; -1.0; 1.0; 0.5537933723362591]
71,320,300,1.5884773070776947,[0.5548802335614041; -0.55488023356061; -1.0; 1.0]
72,140,300,1.588481766219196,[0.5543399406755029; -0.5543399391548358; 1.0; -1.0]
73,204,300,1.5884825338650979,[-0.5547856601599536; 0.5547874789564654; 1.0; -0.9999965507194504]
74,274,300,1.5884774055764028,[1.0; -1.0; 0.5548413537741047; -0.5548414236029172]
75,282,300,1.5884773266646859,[-0.5548340812109718; 0.5548340337223052; 1.0; -1.0]
76,201,300,1.5884772609015427,[0.5548663441590979; 1.0; -1.0; -0.554866344159098]
77,121,300,1.5884801997526845,[-1.0; -0.5551692030172787; 0.5551692052939786; 1.0]
78,313,300,1.588477711070291,[0.5548993158561977; 0.9999999999937482; -0.5548992052003158; -1.0]
79,48,300,1.5885863937695368,[-0.5562877852134872; 0.5563079738462784; 1.0; -1.0]
80,95,300,1.588489330521129,[1.0; 0.5545419677280815; -1.0; -0.5545456083379307]
81,132,300,1.5884782498602208,[0.5549694059926976; -1.0; -0.5549692554601373; 1.0]
82,305,300,1.5884771700017533,[0.5548083325538388; -1.0; 1.0; -0.5548083360166334]
83,242,300,1.5884774814298077,[-0.5546989958113919; 0.9999999175688106; -1.0; 0.5546989586091272]
84,41,300,1.5885551823205473,[1.0; -0.5544600058984048; -1.0; 0.5544856285620912]
85,169,300,1.5884782170495413,[1.0; 0.5549025850966449; -1.0; -0.5549023080801915]
86,79,300,1.588761834755855,[0.5514512917067983; -1.0; 1.0; -0.5514649696800479]
87,226,300,1.5884802891111485,[0.5550984136756953; 0.9999996273650931; -0.555098799622052; -1.0]
88,124,300,1.5884916043887851,[1.0; 0.5556071256187385; -0.5556071353870654; -1.0]
89,384,300,1.588479785189815,[0.9999996800850558; 0.5546472004944425; -0.9999999823901774; -0.554647906376552]
90,197,300,1.588477157285745,[0.5547976079564395; -1.0; 1.0; -0.554797607955195]
91,60,300,1.5887623995588078,[0.5525398206212144; 0.9999273445691383; -0.5525995250594741; -1.0]
92,216,300,1.5884774020523091,[1.0; -1.0; -0.554897006056552; 0.5548970154951841]
93,196,300,1.5884772732158763,[-1.0; 1.0; 0.5548201309397575; -0.5548201664262307]
94,163,300,1.588480019357012,[0.5551365154495201; 1.0; -0.5551364010586752; -1.0]
95,413,300,1.5884771573045493,[-0.554798710187747; 0.5547987101877473; 1.0; -1.0]
96,89,300,1.5886603911078643,[0.9999347493135485; -0.5549611703593446; 0.5549641703418733; -0.9999594391197846]
97,104,300,1.5884774042582164,[1.0; -1.0; -0.554848748496515; 0.5548488126655058]
98,200,300,1.588477303036653,[-1.0; 1.0; 0.5548790479282861; -0.5548790480074525]
99,168,300,1.5884778049363606,[0.5546611999925077; -0.5546611194849832; -1.0; 1.0]
100,191,300,1.588478269639833,[1.0; 0.5547394653948503; -0.5547398168019532; -1.0]
101,181,300,1.5884983668627877,[1.0; -0.5540301324775736; -1.0; 0.5540329471833757]
102,333,300,1.5884775378379496,[-1.0; -0.5546664793937047; 0.5546664800961407; 1.0]
103,214,300,1.588477375310064,[-1.0; -0.554785496123159; 0.5547855688148363; 1.0]
104,204,300,1.5884798552594788,[0.5545582964208424; -1.0; 1.0; -0.5545578104754336]
105,157,300,1.588479039723167,[0.5550874427665322; -1.0; 1.0; -0.5550874305412014]
106,186,300,1.5884774896323473,[-0.9999999999165838; 1.0; -0.5549183549292455; 0.5549183508644256]
107,73,300,1.5885373088347068,[0.5532642131998845; -0.5532613543283738; 1.0; -1.0]
108,131,300,1.5884803211991811,[1.0; -0.5547633977590587; 0.5547635344865127; -0.999998668349245]
109,116,300,1.5884789526093206,[0.5548904073013021; 1.0; -1.0; -0.5548909505837425]
110,280,300,1.588477243119281,[1.0; 0.5547583520348678; -0.5547583345054198; -0.9999999611323529]
111,310,300,1.5884772979828106,[0.5547176982815456; -0.5547176982871465; -1.0; 1.0]
112,68,300,1.5888316354108705,[0.5587801697769429; 1.0; -1.0; -0.5587787296751578]
113,44,300,1.5887359888380377,[1.0; -0.5522325063951062; 0.5521944439256683; -1.0]
114,112,300,1.5884778842683351,[0.5548616071501067; -0.554861822698658; -1.0; 1.0]
115,225,300,1.5884774419496297,[-1.0; 0.5548094067157497; 0.9999999739106296; -0.554809502033258]
116,214,300,1.588480894871508,[1.0; -0.5552060856414768; -1.0; 0.5552060622103802]
117,288,300,1.588477157370582,[0.554795686871454; -1.0; -0.5547956868714566; 1.0]
118,83,300,1.5884866271261,[0.5549516016877204; -0.5549546269144146; 1.0; -1.0]
119,227,300,1.5884784120835067,[-0.99999987529234; 0.9999997635858373; -0.5546170023834094; 0.554616932876306]
120,70,300,1.58861530237149,[-1.0; 0.5567995450497928; -0.5568161548171686; 1.0]
121,32,300,1.5924454132774204,[1.0; 0.5497675532384513; -0.5509625261593639; -1.0]
122,312,300,1.588477353641488,[-1.0; 1.0; 0.5548921952031587; -0.5548921952033626]
123,170,300,1.5884803150977986,[0.5544186264184598; -0.5544186264208788; 1.0; -1.0]
124,64,300,1.5887550754575959,[0.5525203182100863; -1.0; 1.0; -0.5525768438097037]
125,261,300,1.5884772617159966,[-1.0; 1.0; 0.5548539744619578; -0.5548539862327602]
126,199,300,1.5884780854649472,[0.5549712847815066; -0.5549713745385444; -1.0; 1.0]
127,135,300,1.5884792570599555,[0.5551027587124931; -1.0; -0.5551027407390627; 1.0]
128,37,300,1.5904167661873987,[-0.5612013668917103; -1.0; 0.999480551026121; 0.5610735129018986]
129,51,300,1.58863636508173,[-1.0; 1.0; -0.5561249677842576; 0.5561653068744079]
130,185,300,1.588477405178701,[0.5549035388536877; -0.5549035383239816; -1.0; 1.0]
131,342,300,1.58847798843226,[-0.9999997179068537; 0.55487059017437; 1.0; -0.5548703482839265]
132,166,300,1.5884792726885761,[-1.0; 0.5545753639085469; 0.9999995624545378; -0.5545757127343106]
133,100,300,1.5884974429237437,[1.0; -0.5545986336299039; -1.0; 0.5545920723554538]
134,341,300,1.5884771604095844,[1.0; -0.5548096223943432; 0.5548096223943435; -1.0]
135,183,300,1.5884825909329836,[-1.0; -0.5544426824776277; 0.5544417832188527; 1.0]
136,260,300,1.5884775065209193,[-1.0; -0.5549234766396958; 1.0; 0.5549234770974623]
137,285,300,1.5884776352362224,[0.5548933450027804; -0.554893251257913; -1.0; 1.0]
138,110,300,1.588500483131762,[-1.0; 0.5553949996306402; 1.0; -0.5554002138480818]
139,251,300,1.5884772004889962,[1.0; -1.0; 0.5547533643147259; -0.5547533643138807]
140,244,300,1.588477221949299,[1.0; -0.554743461062491; 0.5547434610638882; -1.0]
141,142,300,1.5884778969558813,[-0.5547278342774892; 1.0; 0.5547280484222065; -0.9999996456872111]
142,242,300,1.588477254610002,[-0.5547317133568277; 1.0; 0.5547317139049098; -1.0]
143,127,300,1.588481426351755,[1.0; -0.5543740674519715; 0.5543739576451209; -1.0]
144,324,300,1.5884771574491323,[-0.5547949372049098; -1.0; 1.0; 0.5547949372049091]
145,239,300,1.5884772879466733,[-0.5547205997292997; -1.0; 1.0; 0.5547205997292993]
146,112,300,1.588497048613596,[1.0; -0.555748321884766; 0.5557483215073545; -1.0]
147,356,300,1.588477161179367,[-0.554811000430217; -1.0; 1.0; 0.5548110004320093]
148,190,300,1.5884776900050033,[-1.0; 0.5546535858745671; -0.5546536116970039; 1.0]
149,75,300,1.5884799802048912,[1.0; -1.0; -0.555073338263072; 0.5550737273230617]
150,163,300,1.5884813034918184,[-0.5543695964007882; 0.5543696367794569; 1.0; -1.0]
151,163,300,1.5884811342658045,[-0.5551161773227083; 1.0; -1.0; 0.5551167668764369]
152,325,300,1.588477173037766,[0.5548244649570859; -1.0; 1.0; -0.5548244649570864]
153,102,300,1.5884839194165676,[-1.0; 0.5553520148812513; 1.0; -0.5553520141172906]
154,200,300,1.5884779468897654,[0.5546347331224158; -0.5546347947794955; -1.0; 0.9999998539521008]
155,204,300,1.588479974769269,[1.0; 0.5547742858121982; -1.0; -0.5547733364677271]
156,98,300,1.588487673169213,[-0.5554349535037574; 1.0; 0.5554344159383757; -1.0]
157,272,300,1.5884774038560452,[-0.5549035642846851; -1.0; 1.0; 0.5549035642430828]
158,312,300,1.5884771573245433,[-0.5547963803859953; 1.0; -1.0; 0.5547963803844265]
159,373,300,1.5884787976178196,[-0.5545303085769815; -1.0; 0.9999999933769611; 0.5545303259902462]
160,134,300,1.5885312846740787,[-1.0; 0.5535758938498038; -0.5535687307855246; 1.0]
161,56,300,1.588556340207282,[1.0; -1.0; -0.5561611135091663; 0.5561739245047301]
162,203,300,1.588477867508637,[-0.5546412713837686; 0.5546412131110646; 0.9999999984091401; -1.0]
163,129,300,1.5884823816527907,[1.0; -1.0; -0.5550886220445358; 0.5550874814478888]
164,101,300,1.5884781596954705,[-1.0; 0.5547108874689632; 1.0; -0.5547106044456077]
165,211,300,1.5884776908098819,[-1.0; 0.9999998804821627; 0.5547313600788539; -0.5547313198466497]
166,200,300,1.5884834799893062,[1.0; 0.5552323583064684; -1.0; -0.5552330892495633]
167,156,300,1.588495165455956,[-1.0; 1.0; -0.5556784714643683; 0.5556781529871957]
168,183,300,1.5884775113318423,[1.0; -1.0; -0.5546767918908153; 0.5546767808273807]
169,196,300,1.5884771876094272,[0.5548075871058167; 1.0; -0.5548075966414217; -1.0]
170,211,300,1.5884771572827177,[-0.5547976964032038; -1.0; 1.0; 0.554797696402927]
171,149,300,1.588482410674378,[-0.5543087887517569; 1.0; 0.554308788371047; -1.0]
172,199,300,1.5884796938941688,[0.5548771005565507; -0.5548779116660013; -1.0; 0.9999992494389166]
173,219,300,1.5884771615485758,[-1.0; 0.554807959277606; -0.5548079599376817; 1.0]
174,128,300,1.5884790245808724,[1.0; 0.554514723612934; -0.554514760046971; -1.0]
175,149,300,1.5884868861993198,[-1.0; 1.0; -0.5547921945745168; 0.554788902191343]
176,53,300,1.5886216586496893,[-1.0; -0.5558497413867348; 0.5558087736309247; 1.0]
177,188,300,1.5884837403898016,[-0.5545388984085741; 0.5545371718251586; 1.0; -1.0]
178,95,300,1.5885151142423712,[-0.5560314444230509; 0.5560299268678826; 1.0; -1.0]
179,65,300,1.5884859743465003,[0.5544377601330382; 1.0; -0.5544357448873175; -1.0]
180,100,300,1.588482335795161,[-1.0; -0.5548125585841941; 0.5548108073668055; 0.9999968240126518]
181,123,300,1.5884811718618326,[-0.5550237562300532; -1.0; 0.5550227762424316; 1.0]
182,245,300,1.588477597970903,[0.5549328403450946; -1.0; -0.5549328271068941; 1.0]
183,99,300,1.5885214247104504,[-1.0; 0.5559660855655114; 1.0; -0.5559708533608794]
184,71,300,1.5886123941556547,[0.5527006495105516; -1.0; -0.5526877215515161; 1.0]
185,146,300,1.5884958290189048,[1.0; 0.5539076153394213; -1.0; -0.5539071877461024]
186,61,300,1.5885034212154863,[-0.5557982793136106; 1.0; -1.0; 0.5557996990738193]
187,170,300,1.5884826890967534,[-1.0; 1.0; -0.5543792793872654; 0.5543798513610918]
188,143,300,1.5884777114818176,[1.0; 0.5547789065071403; -1.0; -0.5547790914773395]
189,60,300,1.5884908528328279,[-1.0; 1.0; -0.5554179796976889; 0.5554197415992199]
190,222,300,1.5884773301664077,[0.5547097890474166; -1.0; -0.5547097900660839; 1.0]
191,90,300,1.5885289998847045,[-0.5562700944692254; -1.0; 1.0; 0.5562714655152989]
192,453,300,1.5884771840613607,[0.5547649343737195; -0.554764933296417; 1.0; -1.0]
193,116,300,1.588488510520737,[-0.5554067173197449; 1.0; -1.0; 0.5554056318987584]
194,228,300,1.5884886915162648,[1.0; -1.0; -0.5555196485255848; 0.5555196705159536]
195,139,300,1.5884771606285901,[0.554809977527683; -1.0; 1.0; -0.5548099775378279]
196,137,300,1.5884829588265506,[-0.5552894633735185; 1.0; -1.0; 0.555289625759875]
197,172,300,1.5884863251050836,[-1.0; 1.0; 0.554267302033592; -0.5542683169583427]
198,591,300,1.5884771730537737,[0.9999999999875889; -1.0; -0.5547709375787726; 0.5547709375681843]
199,236,300,1.5884781956745062,[0.5548578428454882; 1.0; -0.9999995151096911; -0.5548577306943363]
200,158,300,1.5884773741823848,[1.0; -0.5548852913520088; -1.0; 0.5548852750330864]
201,218,300,1.5884777382498645,[-0.5546366696997396; -1.0; 0.5546366659800771; 1.0]
202,230,300,1.588483735892774,[-0.5553445215709907; -0.9999999999885495; 1.0; 0.5553445216745033]
203,63,300,1.5886504697990116,[-1.0; 0.5560707017029097; -0.5561168254431557; 1.0]
204,133,300,1.5884774362601632,[0.5548190708858552; -0.5548191618919982; -1.0; 1.0]
205,241,300,1.588477204347544,[1.0; -1.0; 0.5548341348395698; -0.5548341408863184]
206,149,300,1.5884771811910348,[0.554774106073665; -0.5547741021226917; -1.0; 1.0]
207,169,300,1.588478253430023,[-0.5550209484535548; 1.0; -1.0; 0.5550209484721652]
208,239,300,1.5884771710048087,[1.0; 0.5547988782722122; -1.0; -0.5547988829063157]
209,168,300,1.5884773746804939,[-0.5548626013013359; -1.0; 0.5548625590524746; 1.0]
210,138,300,1.5884774425151542,[0.5546856444160166; -1.0; 1.0; -0.5546856475428378]
211,255,300,1.5884775704459184,[-0.5547341481414111; 0.5547340384022803; -1.0; 1.0]
212,136,300,1.5884991942384605,[1.0; -1.0; 0.5552683025146408; -0.5552624731112844]
213,140,300,1.5884991788002707,[-1.0; -0.5557785130837696; 1.0; 0.5557787976500851]
214,338,300,1.5884771880890098,[-1.0; 1.0; 0.5547602612980049; -0.5547602612980087]
215,217,300,1.5884772861913303,[0.5548437338084939; -0.5548437059420568; -1.0; 1.0]
216,117,300,1.5884780382819388,[1.0; -1.0; -0.554787174154213; 0.5547874715311697]
217,38,300,1.5889748161561246,[1.0; -0.5502288782491065; 0.5502154276692983; -1.0]
218,129,300,1.5884772394862066,[-0.9999999847980217; 1.0; -0.5548432882753506; 0.5548432896134262]
219,113,300,1.5884904488458238,[1.0; -0.555394846791783; 0.5553966817260676; -1.0]
220,32,300,1.5920618011927514,[0.5444149945517394; -0.5448684262791093; -1.0; 1.0]
221,91,300,1.5885013597923519,[1.0; 0.5537607940529499; -1.0; -0.5537609961490506]
222,116,300,1.5884798654932824,[1.0; -0.554605911313947; 0.5546052692408101; -1.0]
223,218,300,1.588492733547473,[-0.9999993394424339; 1.0; -0.5539803013598535; 0.5539805872794752]
224,125,300,1.5884790394249655,[-0.9999999473434359; -0.5545155218538187; 1.0; 0.5545155666848683]
225,215,300,1.5884772151028,[0.9999999947232219; -1.0; -0.5548456916429217; 0.55484568921516]
226,111,300,1.588590816547274,[1.0; -1.0; 0.5537600399543305; -0.553729806277724]
227,294,300,1.5884775783706107,[0.5549317139609886; -1.0; 1.0; -0.5549317051044086]
228,197,300,1.5884804421729288,[-1.0; 1.0; 0.5545881574616944; -0.5545873735092746]
229,93,300,1.5885571320558294,[0.5541535231610901; -0.5541296550924961; -1.0; 1.0]
230,68,300,1.5885996559266284,[0.5528527845482916; -1.0; -0.5528663579233135; 1.0]
231,85,300,1.5884879048408376,[-0.5551717057396696; 0.5551742945372315; -1.0; 1.0]
232,143,300,1.5884825132629994,[-1.0; -0.5552595412013339; 0.9999996551860947; 0.5552593157487604]
233,395,300,1.588477416345976,[-0.9999999970405665; -0.5546899643023977; 1.0; 0.5546899656340954]
234,109,300,1.5884782354183675,[1.0; -0.5550172067860919; -1.0; 0.5550172130304775]
235,187,300,1.5884776888798262,[-0.5549032574234273; 0.9999999953422788; 0.5549031603572945; -1.0]
236,158,300,1.5884777517547404,[0.9999999939393625; 0.5546660432986091; -0.554666115620673; -1.0]
237,138,300,1.5884787917474328,[-1.0; -0.5550597738680876; 0.5550597318479304; 1.0]
238,293,300,1.5884772937399718,[1.0; 0.5548764697834059; -0.5548764697783249; -1.0]
239,248,300,1.5884783298610274,[-0.5545776151468987; 0.5545776517505272; 1.0; -1.0]
240,416,300,1.5884771579167962,[0.5547947507672073; -0.9999999996660008; 1.0; -0.5547947506168411]
241,140,300,1.5884923391721275,[-1.0; -0.5540638238071784; 0.5540649643441538; 1.0]
242,118,300,1.5885050811734005,[-1.0; 0.5557485068122564; 1.0; -0.5557512035952064]
243,328,300,1.5884771602950363,[-0.5547859882771361; -1.0; 1.0; 0.5547859882771358]
244,180,300,1.5884811039087539,[1.0; -0.5551764246430533; 0.5551766918276144; -1.0]
245,141,300,1.5884771732406486,[-1.0; 0.5548036589950541; 1.0; -0.5548036538582037]
246,142,300,1.5885301343589573,[-0.5543495230496771; -1.0; 0.5543660144695624; 1.0]
247,271,300,1.5884776773264244,[1.0; 0.5549436600793182; -1.0; -0.5549436775053193]
248,63,300,1.5885066835962258,[1.0; -1.0; 0.553715851289184; -0.5537171570699754]
249,169,300,1.588477981082033,[1.0; -0.5546041075772052; 0.5546041075927537; -1.0]
250,384,300,1.5884775671725633,[1.0; -0.5549341762462395; 0.5549341761455104; -1.0]
251,107,300,1.5884925223916586,[1.0; -1.0; 0.5546580280816804; -0.5546630885894704]
252,280,300,1.5884773216384005,[-0.5547126650098134; 0.9999999960514633; -1.0; 0.554712663286825]
253,174,300,1.5884772965797844,[-0.5547775388782554; 0.5547775830077281; -1.0; 1.0]
254,353,300,1.588482260647973,[0.9999998741299752; 0.5551911944014402; -0.5551907320975937; -1.0]
255,72,300,1.588506205346611,[1.0; -1.0; 0.5557519225678988; -0.5557549488495765]
256,580,300,1.5884796919437685,[-0.5551370479970762; 0.5551370473896347; 1.0; -1.0]
257,296,300,1.588479669545571,[-0.5551346875843073; 1.0; 0.5551346924833187; -1.0]
258,61,300,1.5885501549416365,[-0.5534986274590441; 1.0; 0.5535109150499072; -1.0]
259,85,300,1.5885689740583966,[-1.0; 1.0; 0.556519061451203; -0.5565099655833684]
260,38,300,1.589227320956402,[1.0; -0.5504086638640537; 0.5505236320199316; -1.0]
261,97,300,1.5884912598121081,[0.5544183117331097; 1.0; -0.554414619483819; -0.9999928222552171]
262,174,300,1.5884774603618017,[-1.0; 0.5547938327470806; 1.0; -0.5547939352173672]
263,212,300,1.5884778183963602,[-0.554636678515754; 1.0; 0.5546367094245458; -1.0]
264,71,300,1.5884798453077622,[1.0; 0.5549614637571817; -1.0; -0.5549621730321024]
265,213,300,1.5884779714320165,[-1.0; 0.5549901080338614; 1.0; -0.5549901080339268]
266,333,300,1.5884774549130163,[1.0; -1.0; -0.5548796836825215; 0.5548796329428555]
267,160,300,1.588489027158567,[-1.0; 1.0; -0.5542273387896255; 0.5542289440673364]
268,52,300,1.5888892226696227,[0.555882967583544; 1.0; -1.0; -0.5560125140129701]
269,96,300,1.5885464027057203,[-0.5561524680339214; 0.5561621247795019; -1.0; 1.0]
270,110,300,1.5884836101168258,[-0.5542815802791453; 1.0; -1.0; 0.5542817841126938]
271,381,300,1.588477339122731,[0.5548409077219761; 1.0; -0.554840954034452; -0.9999999985329535]
272,140,300,1.588484298641074,[0.5544167171409249; -0.5544172628846125; -0.9999991173823182; 0.9999981337781236]
273,149,300,1.5884800104723462,[-0.5549933788366319; 1.0; -1.0; 0.5549940584930696]
274,200,300,1.58847734429801,[-0.5547055045439332; 1.0; 0.5547055046039889; -1.0]
275,89,300,1.5884982037480861,[0.5557747382357092; -1.0; 1.0; -0.5557747499266293]
276,242,300,1.5884773557137222,[-0.5547026908470595; 1.0; 0.5547026908520845; -1.0]
277,307,300,1.5884773875610063,[-1.0; 1.0; -0.5548999916993461; 0.5548999916379587]
278,34,300,1.5889691039756126,[1.0; -1.0; -0.5549243683369544; 0.5547579409054584]
279,146,300,1.5884775545986647,[1.0; -1.0; 0.5547093498814875; -0.5547094263347085]
280,312,300,1.5884771574704886,[-1.0; -0.5548006239693455; 1.0; 0.5548006239693452]
281,219,300,1.5884771589250675,[1.0; -0.5547890500315598; -1.0; 0.5547890500315605]
282,111,300,1.5884841018107536,[1.0; -1.0; -0.5553442853885827; 0.5553444107396079]
283,128,300,1.5884802194915564,[1.0; 0.5550193887069703; -1.0; -0.5550200581796257]
284,110,300,1.5884849301844142,[-1.0; -0.5548504394160139; 0.5548530484024032; 1.0]
285,195,300,1.5884943374551117,[-0.5539149270586993; 1.0; 0.5539149053472189; -1.0]
286,308,300,1.5884772044718645,[0.5548440231722161; -1.0; -0.5548440231722175; 1.0]
287,192,300,1.5884861192498478,[0.5541739280981659; -0.9999999999913642; 1.0; -0.554173788677591]
288,303,300,1.5884772493268389,[1.0; 0.5547333048894024; -0.5547333045860463; -1.0]
289,113,300,1.588485481900846,[-1.0; 1.0; 0.5548998330967119; -0.5549025707956924]
290,138,300,1.588484572365513,[0.5542293861895924; -0.5542292786998638; 1.0; -1.0]
291,220,300,1.5884773509895065,[-0.5548750640034958; 0.554875048089038; -0.9999999943275605; 1.0]
292,136,300,1.5884776782743912,[-1.0; 0.5549176449662374; -0.5549175756514928; 1.0]
293,76,300,1.5884893392141883,[-0.5551337817288592; 0.5551370554849399; 1.0; -1.0]
294,112,300,1.588511801464303,[-1.0; -0.5537140337467238; 1.0; 0.553711059245925]
295,70,300,1.5886404770230436,[-1.0; 1.0; 0.5531098368028015; -0.5531443904147371]
296,66,300,1.588572515120986,[-0.5530344015958383; 0.5530437098447284; -1.0; 1.0]
297,53,300,1.5888492770089373,[1.0; -1.0; 0.552888023264797; -0.5527905504396993]
298,141,300,1.5885004476752969,[-1.0; 1.0; 0.5544033976682973; -0.5544101440369503]
299,72,300,1.5885115892141612,[-1.0; -0.5541686804825346; 0.5541600089198224; 1.0]
300,110,300,1.5885086415908736,[-1.0; -0.5538918239150807; 0.5538872977507515; 1.0]
301,183,300,1.5884772391594666,[0.9999999999236199; -0.5548204646504477; 0.5548204407927173; -1.0]
302,337,300,1.588477799646904,[0.9999999996583919; -1.0; 0.5546293988267733; -0.554629392450242]
303,203,300,1.5884777116681756,[1.0; -0.9999997887297001; -0.5547655970133765; 0.5547657770246862]
304,197,300,1.5884779314343769,[1.0; -1.0; -0.5546118149922512; 0.5546118100308365]
305,37,300,1.5889641814595068,[0.5526893831867864; -1.0; -0.5528232771097891; 1.0]
306,279,300,1.5884776948107624,[1.0; -0.5549534563281294; -1.0; 0.5549534549636814]
307,134,300,1.5884868656492563,[-0.555047843137372; 0.5550450179555585; 0.9999989499925659; -1.0]
308,39,300,1.5901462409734597,[0.553801302619125; -1.0; 1.0; -0.5532489723583098]
309,194,300,1.5884814803045484,[0.9999986025006178; -1.0; -0.5549956057988134; 0.5549944324993762]
310,263,300,1.5884777904948397,[0.5548500296417433; 0.9999998741505123; -0.9999999979299924; -0.5548499490248644]
311,173,300,1.5884780981711375,[1.0; 0.5549137715711758; -0.5549135532130983; -1.0]
312,280,300,1.58847885038062,[-1.0; -0.5545215898211321; 0.5545215838852495; 1.0]
313,64,300,1.5887878275949077,[-0.5553912820064658; 1.0; 0.5552883550848653; -1.0]
314,282,300,1.5884778746469206,[-0.5548783098821637; 0.5548784793129914; 0.9999999723597813; -0.9999997342679791]
315,253,300,1.5885006337527494,[1.0; 0.5544169829794345; -0.5544238703248915; -1.0]
316,126,300,1.5884813253194217,[1.0; -1.0; 0.5544479563018543; -0.5544474566998268]
317,171,300,1.5884772000308518,[1.0; 0.554841525623812; -0.5548415254511464; -1.0]
318,123,300,1.58847764687451,[-0.5549371650496655; 1.0; -1.0; 0.5549371859648368]
319,226,300,1.5884787949589199,[-1.0; 0.5548612263758798; 0.9999999805404939; -0.5548607194287576]
320,81,300,1.5887871037815935,[1.0; 0.5516998888829131; -0.5517344311052009; -1.0]
321,368,300,1.588477157284812,[0.5547973312662351; 1.0; -1.0; -0.5547973312662351]
322,198,300,1.5884776871732986,[1.0; 0.554934457568409; -0.5549344173853141; -1.0]
323,419,300,1.588477360412512,[-1.0; 0.5547015689381948; 1.0; -0.5547015689381949]
324,34,300,1.5888059707536302,[-0.5583546844303455; 1.0; 0.5583374978359676; -1.0]
325,250,300,1.5884771921151515,[-1.0; -0.5548005777286872; 0.5548005894560223; 1.0]
326,78,300,1.588514232362326,[0.5535972909164187; -0.5535954663960174; -1.0; 1.0]
327,250,300,1.5884771879879562,[-1.0; -0.5547851145480551; 0.5547851237637887; 1.0]
328,69,300,1.5884804441678728,[0.5548342899922661; -1.0; 1.0; -0.5548331872120406]
329,36,300,1.5890600608527476,[-1.0; 1.0; -0.5496999797816451; 0.5497051902899637]
330,205,300,1.5884774154261545,[0.5548998169506398; -1.0; -0.5548998071851392; 1.0]
331,101,300,1.5885149184482201,[-1.0; -0.5560926516557244; 0.5560923655257565; 1.0]
332,87,300,1.588488187428337,[0.5547824119163083; -0.999994155411984; -0.5547808809598624; 1.0]
333,65,300,1.5885477066752884,[-0.5535774229399186; -1.0; 0.5535647236503551; 1.0]
334,126,300,1.5884851539054345,[-0.5553326579526262; 1.0; -1.0; 0.5553332312366154]
335,122,300,1.5884807392651674,[-1.0; 0.5550094498654299; -0.5550103270398413; 1.0]
336,330,300,1.5884771584899327,[0.554790321327588; -0.5547903213318518; -1.0; 1.0]
337,125,300,1.5885101947397349,[0.5542705610964385; -0.9999960891976883; -0.5542761859690687; 1.0]
338,298,300,1.5884771585264628,[1.0; -0.554805218984697; 0.5548052189846971; -1.0]
339,163,300,1.5884853354337896,[0.5541931573195287; -0.5541932078886616; 1.0; -1.0]
340,175,300,1.5884781760461935,[-1.0; 0.5547667124549419; -0.554767050195282; 0.9999995058376797]
341,191,300,1.5884789474767973,[1.0; -1.0; -0.5545627522609443; 0.5545625573221813]
342,232,300,1.5884773646150938,[0.9999999682885586; 0.5548545357354209; -1.0; -0.5548545181594565]
343,210,300,1.588477448849,[-0.5546825586293103; 0.5546825586816437; 1.0; -1.0]
344,143,300,1.5885017115596818,[0.5537481274588344; -0.5537482517074773; -1.0; 1.0]
345,368,300,1.5884771838674756,[-1.0; -0.5548320465744431; 1.0; 0.5548320467913594]
346,57,300,1.5885170854276383,[1.0; 0.5545937729563349; -0.5546069971849867; -1.0]
347,299,300,1.5884772030621586,[0.5547520620174403; -0.5547520620174488; 1.0; -1.0]
348,174,300,1.5884837818604853,[-1.0; 0.5553321046199725; 1.0; -0.5553322198083993]
349,158,300,1.5884791658892143,[-1.0; 1.0; -0.5546526663885079; 0.5546531902988383]
350,130,300,1.5884780506561746,[1.0; 0.5549991402270931; -0.5549991398929602; -1.0]
351,203,300,1.588483015083511,[-0.5542964132646818; -1.0; 0.9999998916326606; 0.5542962998385378]
352,202,300,1.5884787504296327,[-0.5548161602819258; 0.55481628000399; -0.9999992710962078; 0.9999999923209152]
353,103,300,1.5884921981159912,[-1.0; -0.5543940451734218; 1.0; 0.5543901778215363]
354,71,300,1.588659835860376,[-0.5543763220378253; 0.5544370088714713; -1.0; 1.0]
355,194,300,1.5884788846940554,[0.5545174017855009; -1.0; -0.5545174015557511; 1.0]
356,128,300,1.5884778573791412,[0.554704123842355; 1.0; -1.0; -0.5547042957702399]
357,244,300,1.5884774334305138,[0.5548625832625426; 0.9999998818280185; -1.0; -0.5548626453623364]
358,249,300,1.5884771586326385,[0.5547898592842799; -1.0; 1.0; -0.5547898592845506]
359,255,300,1.5884773483974102,[-1.0; 0.554890802220647; -0.554890802390784; 1.0]
360,183,300,1.5884772990702152,[-0.5547452546985294; -1.0; 0.5547452271822071; 1.0]
361,112,300,1.5884788482555265,[-1.0; 1.0; 0.5550431717175263; -0.5550430477004511]
362,263,300,1.5884776273203944,[-0.5546514661652672; -1.0; 0.5546514661652673; 1.0]
363,165,300,1.5884774190746094,[-0.5549038865991354; 1.0; 0.5549038819118688; -1.0]
364,144,300,1.588480481240964,[-1.0; 0.5545704240700348; -0.5545696845402417; 1.0]
365,89,300,1.5887197229231813,[-1.0; 0.9999923173196656; -0.5570329584516224; 0.5569874067720034]
366,275,300,1.5884773760379687,[0.5548208225596706; 1.0; -0.5548208926058206; -1.0]
367,172,300,1.5884820096354972,[-0.9999995210232063; 0.5551597248878747; -0.5551591513711529; 0.9999998951149001]
368,129,300,1.588477277022907,[0.5548696682992579; -0.5548696702757462; 1.0; -1.0]
369,182,300,1.5884778062551945,[0.5548628747704898; 1.0; -1.0; -0.5548626866494473]
370,105,300,1.5885059840441127,[0.5552137234670843; 0.9999904327278644; -1.0; -0.5552221644004228]
371,117,300,1.5884779562225362,[-1.0; 0.5549509287739423; -0.5549510243140839; 1.0]
372,441,300,1.5884771573260656,[-1.0; 0.5547962785155147; -0.5547962785155013; 1.0]
373,137,300,1.588610640327631,[0.5564703337810325; 1.0; -0.5564457182392162; -1.0]
374,144,300,1.5885395267449507,[-0.5564778766311317; 0.556477937364514; 1.0; -1.0]
375,184,300,1.5884772078385299,[1.0; -1.0; 0.5547658437209252; -0.5547658341609474]
376,315,300,1.5884772709208428,[-0.9999999999914241; 1.0; 0.5548694889129447; -0.554869489009404]
377,283,300,1.5884775958885127,[-1.0; 0.9999999048953597; -0.5546785868037502; 0.5546785440766867]
378,279,300,1.5884771721627624,[0.5547734228124083; -0.9999999985517319; -0.5547734221610733; 1.0]
379,168,300,1.5884772601475925,[1.0; -1.0; -0.5548562686517935; 0.554856277931785]
380,162,300,1.5884936932648144,[-1.0; -0.5539303718239088; 1.0; 0.5539303672012275]
381,237,300,1.5884772763848554,[1.0; 0.5547905818028229; -1.0; -0.5547906217392201]
382,138,300,1.5884870383876586,[1.0; -0.5543747947702005; -1.0; 0.5543727868335145]
383,167,300,1.5885054060908181,[-0.5558623243786901; 1.0; -1.0; 0.5558634317809762]
384,116,300,1.5884801263377475,[0.5547110555955459; 1.0; -1.0; -0.5547120052529965]
385,258,300,1.5884773520478206,[-0.5548917681944067; 1.0; 0.5548917681342685; -1.0]
386,327,300,1.5884771653286165,[0.9999999975398803; -1.0; -0.5547935516637944; 0.5547935520444051]
387,248,300,1.58847715784639,[1.0; 0.5547926284481188; -1.0; -0.5547926284480914]
388,210,300,1.5884776738431015,[1.0; 0.5549501768951282; -0.5549501751028564; -1.0]
389,244,300,1.5884771644357984,[-1.0; 0.5548108176398886; -0.554810816499891; 1.0]
390,163,300,1.588493697703434,[1.0; -1.0; -0.5555200455178939; 0.5555183242906943]
391,110,300,1.588479722165594,[0.5545677839582983; -1.0; -0.5545673098866082; 1.0]
392,111,300,1.5885532961426674,[-0.5555929010244326; 1.0; -1.0; 0.5556138318720393]
393,159,300,1.5884786764601435,[-0.5550135070879763; 0.5550135933830671; -0.9999997185584502; 0.9999999916561988]
394,165,300,1.5884805552002497,[1.0; -0.9999975750409686; -0.5547846046944326; 0.5547857535643311]
395,109,300,1.588502607696065,[-1.0; 0.5557792286762072; 1.0; -0.5557777816086943]
396,232,300,1.5884781108468768,[1.0; -0.554965858339486; 0.5549657459321009; -1.0]
397,188,300,1.5884821102037665,[-0.5544069165646648; 1.0; 0.5544063775731871; -1.0]
398,193,300,1.5884771594981801,[0.55478765732911; 1.0; -0.5547876573287511; -1.0]
399,342,300,1.5884771578658317,[-0.5548028487803152; 1.0; -1.0; 0.5548028487803148]
400,346,300,1.5884772826583355,[-1.0; -0.5548713542663263; 1.0; 0.5548713563228155]
401,180,300,1.5884780434481933,[-1.0; 0.5545969091270093; -0.5545969091333421; 1.0]
402,343,300,1.5884773516654787,[-0.5547042856571816; 1.0; 0.554704286528256; -1.0]
403,199,300,1.588481989644654,[0.5546808313928755; -0.5546823666645924; -1.0; 1.0]
404,133,300,1.5884811064930635,[1.0; -0.5543977218874201; -0.9999998715312365; 0.5543978690860614]
405,143,300,1.5884772332163068,[-1.0; 1.0; 0.5547392935154725; -0.5547392938377352]
406,39,300,1.5902666703073676,[0.5581720311211085; 1.0; -1.0; -0.55867837038528]
407,289,300,1.588477211918332,[0.5548475444549266; 1.0; -1.0; -0.554847544454935]
408,318,300,1.5884771642155457,[-1.0; 0.5548154498577927; -0.5548154498588086; 1.0]
409,155,300,1.5884782919556422,[-1.0; -0.5546303814504865; 1.0; 0.5546305574424462]
410,124,300,1.5884848382373797,[0.5548175135969496; -1.0; -0.5548201098987103; 1.0]
411,90,300,1.5885090587771944,[0.5559977798214131; -0.5559978446771003; 1.0; -1.0]
412,284,300,1.588477206114575,[0.554750565482455; 1.0; -0.5547505654826486; -1.0]
413,155,300,1.588497441064609,[0.5538366987622787; -0.5538366994796948; -1.0; 1.0]
414,188,300,1.5884772003143377,[0.5547601799060073; -1.0; 1.0; -0.5547601839994907]
415,271,300,1.5884774082626771,[0.9999999999973225; 0.5547990070102614; -1.0; -0.5547989220794759]
416,309,300,1.5884773037576814,[-0.5547160682510757; -1.0; 1.0; 0.5547160682510558]
417,339,300,1.588477157283398,[1.0; -1.0; -0.5547974344330043; 0.5547974344330049]
418,88,300,1.5884788998906323,[-0.5545609522203208; 0.5545611253829125; -1.0; 1.0]
419,262,300,1.5884774801050368,[-1.0; 1.0; 0.5546945699159563; -0.5546945398035904]
420,160,300,1.588478527134506,[1.0; -1.0; -0.5545766023749391; 0.5545767025299105]
421,56,300,1.5886429334850682,[-1.0; 0.557453961576423; 1.0; -0.557457333140099]
422,73,300,1.5888190823308046,[-0.5567609903997005; 0.5566727855830431; 1.0; -1.0]
423,53,300,1.5885198381691026,[1.0; 0.5536723604494861; -0.5536673671249689; -1.0]
424,223,300,1.5884783273746568,[1.0; -0.5547221592519843; -1.0; 0.5547225130232475]
425,118,300,1.588492697223145,[-1.0; 0.554025756722713; 1.0; -0.5540265909964538]
426,185,300,1.5884790577980645,[-0.9999996907549363; 0.5548047526646083; -0.5548041097682613; 1.0]
427,99,300,1.5885947890878267,[-0.5565843183548974; -1.0; 1.0; 0.5565680979668107]
428,133,300,1.5884795093261743,[-0.5547215607302657; -1.0; 1.0; 0.5547208082210566]
429,85,300,1.588485345354159,[-1.0; 0.5542718791957916; 1.0; -0.5542725972441778]
430,181,300,1.5884777313977485,[-1.0; -0.5547551231945496; 0.5547549424248247; 0.9999999754691408]
431,304,300,1.588490466314516,[-0.5554923706959017; 0.5554915914448697; -0.9999998501471382; 1.0]
432,108,300,1.5885207053580255,[-0.553389233357056; 1.0; -1.0; 0.5533892347124796]
433,129,300,1.5884988468429362,[1.0; 0.5538042698123704; -1.0; -0.5538042641762564]
434,243,300,1.5884773360566464,[0.5547075274910773; -1.0; 1.0; -0.55470752750639]
435,234,300,1.588477162741017,[-0.5547819374044406; 0.5547819374044393; 1.0; -1.0]
436,300,300,1.5884774159300152,[-0.5549061522011417; 0.5549061522011423; -1.0; 1.0]
437,66,300,1.5885124821657197,[1.0; 0.5540346233629908; -1.0; -0.5540270389258303]
438,233,300,1.5884776230733233,[0.9999999993594006; 0.5548874384283426; -0.5548873412292585; -1.0]
439,292,300,1.5884772124644086,[-1.0; 1.0; 0.5547475974392749; -0.5547475974371019]
440,180,300,1.5884779529974726,[-0.5546093449341362; -1.0; 0.5546093395514164; 1.0]
441,347,300,1.5884774273754814,[1.0; -0.5549085254266934; -1.0; 0.5549085254261678]
442,297,300,1.5884771598583245,[-0.5547868698498826; 1.0; 0.5547868698498831; -1.0]
443,287,300,1.5884772284640207,[-1.0; 0.5547408229359229; -0.5547408229613828; 1.0]
444,188,300,1.5884771715796897,[0.554772733098161; -0.5547727333008602; 1.0; -1.0]
445,160,300,1.5884791737549362,[-0.9999996321570005; 0.5546470401515092; -0.5546472230068384; 0.9999996637757824]
446,97,300,1.5884894556603641,[-0.5540541879471848; -1.0; 1.0; 0.5540542407128736]
447,101,300,1.5885308213395182,[-1.0; 1.0; -0.5556547969357442; 0.5556420271030236]
448,112,300,1.5885147026763975,[-0.5555151791920161; -1.0; 1.0; 0.5555062593696393]
449,144,300,1.58848237650998,[1.0; -0.5552625198044261; 0.5552623614134748; -1.0]
450,191,300,1.5884781840296953,[-1.0; -0.5545995887653307; 1.0; 0.5545995333077685]
451,33,300,1.5913101809113543,[0.5573791634986875; -1.0; -0.556456052792209; 1.0]
452,427,300,1.5884771722403324,[-1.0; 1.0; 0.5547716108552782; -0.5547716108552789]
453,146,300,1.5885573365008498,[0.5565922060901437; 1.0; -0.5565890407094753; -1.0]
454,72,300,1.5885667384208106,[1.0; -0.5552246095314989; 0.5552534744033173; -1.0]
455,284,300,1.5884771962709854,[0.5548087561725865; -1.0; 1.0; -0.5548087684571308]
456,75,300,1.5885132148622911,[-0.5553431365632985; 1.0; -1.0; 0.5553530834159143]
457,102,300,1.5884790272478695,[0.5549277754418169; -0.5549282819060689; 1.0; -1.0]
458,135,300,1.5884869211977064,[-0.5554500267858572; 0.5554498903760814; -1.0; 1.0]
459,332,300,1.5884771692720012,[-0.5548210478164868; 0.5548210478164876; 1.0; -1.0]
460,100,300,1.588558045643727,[0.5561572973026445; -1.0; -0.556143562306071; 1.0]
461,173,300,1.588477242004037,[1.0; -1.0; 0.5548549220983295; -0.5548549177927321]
462,91,300,1.5884832202194745,[-1.0; 0.5545655313367266; 1.0; -0.554563883081768]
463,564,300,1.5884773659738882,[-0.5548922352989968; 0.5548922321158409; -0.9999999989600963; 0.9999999997508324]
464,144,300,1.5884782929853187,[-0.5545706854755201; 1.0; 0.554570686493967; -1.0]
465,130,300,1.588481015602559,[-0.5550162350242893; 1.0; 0.5550171838275627; -1.0]
466,224,300,1.5885016019498053,[-0.9999934546857401; -0.5540928240793819; 0.5540973784947597; 0.9999999452433933]
467,103,300,1.5884860946509016,[1.0; -0.5550646231098286; -1.0; 0.5550621237479685]
468,386,300,1.588477187227027,[0.5548343430518148; 1.0; -0.5548343429110882; -1.0]
469,203,300,1.5884775903906974,[-0.999999963804861; -0.5549233410795226; 1.0; 0.554923344595028]
470,231,300,1.5884774192433824,[-0.5546885330032612; -1.0; 1.0; 0.5546885330015977]
471,185,300,1.5885242389937089,[-0.99999796644495; -0.5533969581053282; 0.9999994276174309; 0.5533978135764208]
472,193,300,1.5885163260590902,[1.0; -0.5561119386377075; -1.0; 0.5561115504038967]
473,219,300,1.5884776520733563,[-1.0; 1.0; 0.5548116167134225; -0.5548117827172526]
474,206,300,1.588480967776754,[-0.5544583143597197; 1.0; 0.5544587484238335; -1.0]
475,44,300,1.588537172858977,[-0.5556589694465889; -1.0; 1.0; 0.5556440899856397]
476,35,300,1.5886145337963167,[1.0; 0.5549227572624797; -0.5549690835933768; -1.0]
477,162,300,1.5884773795442757,[1.0; 0.5548294302471956; -1.0; -0.5548294979618923]
478,320,300,1.5884771852619655,[0.5548333686773632; -1.0; 1.0; -0.5548333686773648]
479,125,300,1.5885026097347439,[-0.5556865572222008; -1.0; 1.0; 0.5556838101631077]
480,240,300,1.588477725296335,[0.5547569014217174; -1.0; -0.5547570813412248; 1.0]
481,266,300,1.5884771750500872,[0.5547698580280617; 1.0; -0.9999999999203961; -0.5547698577804053]
482,49,300,1.5888762028752161,[0.5575828870292088; -1.0; 1.0; -0.5575041750188214]
483,106,300,1.5884933690691312,[1.0; -0.555551062147599; -1.0; 0.5555523148786943]
484,62,300,1.5885506260449176,[1.0; -0.5541431548802763; 0.5541649412898577; -1.0]
485,122,300,1.5884773151445368,[1.0; -0.5547187387193309; -1.0; 0.5547187316788891]
486,146,300,1.5885021970625206,[-0.5541821818077327; 0.9999889063746936; 0.5541778594568045; -1.0]
487,147,300,1.5884904186875946,[-0.5540633039441762; 0.5540628279600134; -1.0; 1.0]
488,94,300,1.588581076765615,[-1.0; 1.0; 0.5528483659261001; -0.5528415043759016]
489,185,300,1.5884879826595149,[-0.5549878958299587; 0.5549905232046317; 0.9999999941314643; -0.9999933222086038]
490,214,300,1.5884781875623273,[1.0; 0.5549184397901369; -1.0; -0.5549181993786689]
491,146,300,1.5884772685339041,[0.5547539640335948; -0.5547539406172401; 1.0; -1.0]
492,289,300,1.588477157337027,[1.0; -0.5547992786499576; -1.0; 0.5547992786499581]
493,188,300,1.58848400174782,[-1.0; -0.5553473862710538; 1.0; 0.5553474526797975]
494,189,300,1.588477980923442,[0.5546635094417066; -0.9999999958388506; 0.999999920431376; -0.5546636506427011]
495,117,300,1.588483833471613,[0.5545091530394619; -1.0; 1.0; -0.5545075162263913]
496,98,300,1.5884913386754724,[1.0; -0.5541667857243948; 0.5541649541781758; -1.0]
497,173,300,1.5884774286450631,[-1.0; -0.5549086243018728; 0.5549086240346274; 1.0]
498,203,300,1.5884772673067244,[-0.5547269505896789; 0.5547269505896788; -1.0; 1.0]
499,66,300,1.5886312645891332,[-1.0; 0.5558707393266604; -0.5558268248130671; 1.0]
500,293,300,1.5884774307622787,[-0.5548817906329482; 0.5548818121191822; 0.9999999795384267; -1.0]
